THESIS_ID,SOURCE_ARCHIVE,SOURCE_ROW,m_max,T_min,r_rec,historical_timing_semantics,mapped_t_rec,historical_F1_if_available,historical_F2_if_available,historical_F3_if_available,historical_ND_status_if_recoverable,duplicate_count,source_file,source_hash
T001,HB200,1,0.19008660277122111,69.805226122799411,0.00047558250020259999,FIXED_FROM_START,0,15.174929898613676,0.0035200395626727998,266.70665946690838,NO,2,03_original_model/05_outputs_historicos/final_pop_HB200.mat|03_original_model/05_outputs_historicos/scores_HB200.mat,CA40083629C97A7851A15219F46ACF22C7C5AFE4EC09190E5BBA9618106977B9|F1D4A1AD85A533CE41D87FEAA04651B9604607E3D3F527EA5A3FCDA11971FD9B
T002,HB200,2,0.073569779465204904,45.188058045774937,0.6993301168385504,FIXED_FROM_START,0,16.843049186402698,0.89600709730650796,83.262128603027023,NO,2,03_original_model/05_outputs_historicos/final_pop_HB200.mat|03_original_model/05_outputs_historicos/scores_HB200.mat,CA40083629C97A7851A15219F46ACF22C7C5AFE4EC09190E5BBA9618106977B9|F1D4A1AD85A533CE41D87FEAA04651B9604607E3D3F527EA5A3FCDA11971FD9B
T003,HB200,3,0.19008660277122111,69.781190635354278,0.19546653496596081,FIXED_FROM_START,0,13.159228549779186,0.0035197970757056001,238.20925102285449,YES,2,03_original_model/05_outputs_historicos/final_pop_HB200.mat|03_original_model/05_outputs_historicos/scores_HB200.mat,CA40083629C97A7851A15219F46ACF22C7C5AFE4EC09190E5BBA9618106977B9|F1D4A1AD85A533CE41D87FEAA04651B9604607E3D3F527EA5A3FCDA11971FD9B
T004,HB200,4,0.071657476626693598,54.336809606128433,0.23243417500634189,FIXED_FROM_START,0,4.3971600674583646,0.31953951786002271,101.18231507818032,YES,1,03_original_model/05_outputs_historicos/final_pop_HB200.mat|03_original_model/05_outputs_historicos/scores_HB200.mat,CA40083629C97A7851A15219F46ACF22C7C5AFE4EC09190E5BBA9618106977B9|F1D4A1AD85A533CE41D87FEAA04651B9604607E3D3F527EA5A3FCDA11971FD9B
T005,HB200,5,0.19008660277122111,69.930226122799411,0.00047558250020259999,FIXED_FROM_START,0,15.133418855876956,0.0035268669888959998,265.78885928824923,NO,1,03_original_model/05_outputs_historicos/final_pop_HB200.mat|03_original_model/05_outputs_historicos/scores_HB200.mat,CA40083629C97A7851A15219F46ACF22C7C5AFE4EC09190E5BBA9618106977B9|F1D4A1AD85A533CE41D87FEAA04651B9604607E3D3F527EA5A3FCDA11971FD9B
T006,HB200,6,0.073565381349814996,45.191978277574528,0.69751663868184177,FIXED_FROM_START,0,16.738476744747231,0.89548774734713721,83.23087399591094,YES,2,03_original_model/05_outputs_historicos/final_pop_HB200.mat|03_original_model/05_outputs_historicos/scores_HB200.mat,CA40083629C97A7851A15219F46ACF22C7C5AFE4EC09190E5BBA9618106977B9|F1D4A1AD85A533CE41D87FEAA04651B9604607E3D3F527EA5A3FCDA11971FD9B
T007,HB200,7,0.073788742487953599,45.190295838634341,0.70169430935600174,FIXED_FROM_START,0,16.853142315143774,0.89558185221793896,83.380063311687906,NO,1,03_original_model/05_outputs_historicos/final_pop_HB200.mat|03_original_model/05_outputs_historicos/scores_HB200.mat,CA40083629C97A7851A15219F46ACF22C7C5AFE4EC09190E5BBA9618106977B9|F1D4A1AD85A533CE41D87FEAA04651B9604607E3D3F527EA5A3FCDA11971FD9B
T008,HB200,8,0.073562131420663507,45.190027209116543,0.69858021915498014,FIXED_FROM_START,0,16.825035696735437,0.89598938144027085,83.239526955390971,NO,2,03_original_model/05_outputs_historicos/final_pop_HB200.mat|03_original_model/05_outputs_historicos/scores_HB200.mat,CA40083629C97A7851A15219F46ACF22C7C5AFE4EC09190E5BBA9618106977B9|F1D4A1AD85A533CE41D87FEAA04651B9604607E3D3F527EA5A3FCDA11971FD9B
T009,HB200,9,0.19008660277122111,69.430226122799411,0.25047558250020258,FIXED_FROM_START,0,12.687431596369416,0.0035237608674432998,232.43122602270611,NO,1,03_original_model/05_outputs_historicos/final_pop_HB200.mat|03_original_model/05_outputs_historicos/scores_HB200.mat,CA40083629C97A7851A15219F46ACF22C7C5AFE4EC09190E5BBA9618106977B9|F1D4A1AD85A533CE41D87FEAA04651B9604607E3D3F527EA5A3FCDA11971FD9B
T010,HB200,10,0.078852147773017495,53.588807030096199,0.28579731927693691,FIXED_FROM_START,0,4.6307012735961308,0.3289441201429808,102.84206859387608,NO,1,03_original_model/05_outputs_historicos/final_pop_HB200.mat|03_original_model/05_outputs_historicos/scores_HB200.mat,CA40083629C97A7851A15219F46ACF22C7C5AFE4EC09190E5BBA9618106977B9|F1D4A1AD85A533CE41D87FEAA04651B9604607E3D3F527EA5A3FCDA11971FD9B
T011,HB200,11,0.19008660277122111,69.906190635354278,0.19546653496596081,FIXED_FROM_START,0,13.122081176231696,0.0035258384992353001,237.35418694973276,NO,2,03_original_model/05_outputs_historicos/final_pop_HB200.mat|03_original_model/05_outputs_historicos/scores_HB200.mat,CA40083629C97A7851A15219F46ACF22C7C5AFE4EC09190E5BBA9618106977B9|F1D4A1AD85A533CE41D87FEAA04651B9604607E3D3F527EA5A3FCDA11971FD9B
T012,HB200,13,0.073588722521528094,57.134450991639966,0.67062678325675185,FIXED_FROM_START,0,5.2720890398001101,0.32934499854853577,109.03876340017058,NO,1,03_original_model/05_outputs_historicos/final_pop_HB200.mat|03_original_model/05_outputs_historicos/scores_HB200.mat,CA40083629C97A7851A15219F46ACF22C7C5AFE4EC09190E5BBA9618106977B9|F1D4A1AD85A533CE41D87FEAA04651B9604607E3D3F527EA5A3FCDA11971FD9B
T013,HB200,14,0.086693218323770901,45.355236375702709,0.83065595007710957,FIXED_FROM_START,0,20.068401963089386,0.88748371518897762,90.55663575702448,NO,1,03_original_model/05_outputs_historicos/final_pop_HB200.mat|03_original_model/05_outputs_historicos/scores_HB200.mat,CA40083629C97A7851A15219F46ACF22C7C5AFE4EC09190E5BBA9618106977B9|F1D4A1AD85A533CE41D87FEAA04651B9604607E3D3F527EA5A3FCDA11971FD9B
T014,HB200,15,0.073577281478477502,45.181040954622482,0.6930110913317501,FIXED_FROM_START,0,16.190446047220501,0.89181718644546515,83.261704335459854,YES,1,03_original_model/05_outputs_historicos/final_pop_HB200.mat|03_original_model/05_outputs_historicos/scores_HB200.mat,CA40083629C97A7851A15219F46ACF22C7C5AFE4EC09190E5BBA9618106977B9|F1D4A1AD85A533CE41D87FEAA04651B9604607E3D3F527EA5A3FCDA11971FD9B
T015,HB200,16,0.12516192360294051,69.624269995579709,0.50806113373497364,FIXED_FROM_START,0,7.5051155109040382,0.0046408446180965998,165.33453115404646,YES,1,03_original_model/05_outputs_historicos/final_pop_HB200.mat|03_original_model/05_outputs_historicos/scores_HB200.mat,CA40083629C97A7851A15219F46ACF22C7C5AFE4EC09190E5BBA9618106977B9|F1D4A1AD85A533CE41D87FEAA04651B9604607E3D3F527EA5A3FCDA11971FD9B
T016,HB200,17,0.073783017940746695,45.162991854549887,0.70096233263327568,FIXED_FROM_START,0,16.973594913330793,0.89664636145909871,83.301231084349467,NO,1,03_original_model/05_outputs_historicos/final_pop_HB200.mat|03_original_model/05_outputs_historicos/scores_HB200.mat,CA40083629C97A7851A15219F46ACF22C7C5AFE4EC09190E5BBA9618106977B9|F1D4A1AD85A533CE41D87FEAA04651B9604607E3D3F527EA5A3FCDA11971FD9B
T017,HB200,18,0.18134203835948429,68.650489380596298,0.52408658859194435,FIXED_FROM_START,0,9.8798556248755585,0.0035396268655835,196.16032203442165,YES,1,03_original_model/05_outputs_historicos/final_pop_HB200.mat|03_original_model/05_outputs_historicos/scores_HB200.mat,CA40083629C97A7851A15219F46ACF22C7C5AFE4EC09190E5BBA9618106977B9|F1D4A1AD85A533CE41D87FEAA04651B9604607E3D3F527EA5A3FCDA11971FD9B
T018,HB200,19,0.17857742518074171,69.160543782904568,0.486395377800171,FIXED_FROM_START,0,9.9844328263494742,0.0035372103509525,196.36467953322804,YES,1,03_original_model/05_outputs_historicos/final_pop_HB200.mat|03_original_model/05_outputs_historicos/scores_HB200.mat,CA40083629C97A7851A15219F46ACF22C7C5AFE4EC09190E5BBA9618106977B9|F1D4A1AD85A533CE41D87FEAA04651B9604607E3D3F527EA5A3FCDA11971FD9B
T019,HB200,21,0.16212534458660091,53.284602721645889,0.4938166847922501,FIXED_FROM_START,0,7.1375828929696974,0.17146024870373111,143.15504592174682,NO,1,03_original_model/05_outputs_historicos/final_pop_HB200.mat|03_original_model/05_outputs_historicos/scores_HB200.mat,CA40083629C97A7851A15219F46ACF22C7C5AFE4EC09190E5BBA9618106977B9|F1D4A1AD85A533CE41D87FEAA04651B9604607E3D3F527EA5A3FCDA11971FD9B
T020,HB200,22,0.073564172221545807,45.189712343039822,0.69906168371301292,FIXED_FROM_START,0,16.836789088930711,0.89600275493543102,83.253836755724038,NO,1,03_original_model/05_outputs_historicos/final_pop_HB200.mat|03_original_model/05_outputs_historicos/scores_HB200.mat,CA40083629C97A7851A15219F46ACF22C7C5AFE4EC09190E5BBA9618106977B9|F1D4A1AD85A533CE41D87FEAA04651B9604607E3D3F527EA5A3FCDA11971FD9B
T021,HB200,23,0.185552936023854,69.709582417248626,0.36175966426841499,FIXED_FROM_START,0,11.299258524565186,0.0035200762804224999,212.58396821741309,YES,1,03_original_model/05_outputs_historicos/final_pop_HB200.mat|03_original_model/05_outputs_historicos/scores_HB200.mat,CA40083629C97A7851A15219F46ACF22C7C5AFE4EC09190E5BBA9618106977B9|F1D4A1AD85A533CE41D87FEAA04651B9604607E3D3F527EA5A3FCDA11971FD9B
T022,HB200,24,0.073562131420663507,45.690027209116543,0.69858021915498014,FIXED_FROM_START,0,14.508817799795844,0.8743014364517685,84.31532964518729,NO,1,03_original_model/05_outputs_historicos/final_pop_HB200.mat|03_original_model/05_outputs_historicos/scores_HB200.mat,CA40083629C97A7851A15219F46ACF22C7C5AFE4EC09190E5BBA9618106977B9|F1D4A1AD85A533CE41D87FEAA04651B9604607E3D3F527EA5A3FCDA11971FD9B
T023,HB200,25,0.1106428960093252,59.84385309099185,0.26771747889775432,FIXED_FROM_START,0,6.3412651492197796,0.080475698396089701,141.91717864736364,NO,1,03_original_model/05_outputs_historicos/final_pop_HB200.mat|03_original_model/05_outputs_historicos/scores_HB200.mat,CA40083629C97A7851A15219F46ACF22C7C5AFE4EC09190E5BBA9618106977B9|F1D4A1AD85A533CE41D87FEAA04651B9604607E3D3F527EA5A3FCDA11971FD9B
T024,HB200,27,0.075230760140142197,52.837490225883357,0.57716925684666343,FIXED_FROM_START,0,5.3985915673557443,0.4763100218762602,98.840923371645374,NO,1,03_original_model/05_outputs_historicos/final_pop_HB200.mat|03_original_model/05_outputs_historicos/scores_HB200.mat,CA40083629C97A7851A15219F46ACF22C7C5AFE4EC09190E5BBA9618106977B9|F1D4A1AD85A533CE41D87FEAA04651B9604607E3D3F527EA5A3FCDA11971FD9B
T025,HB200,28,0.077283581084795799,66.839474122440137,0.3352743835042547,FIXED_FROM_START,0,5.1026738927262558,0.037827461415245102,128.64793520430408,YES,1,03_original_model/05_outputs_historicos/final_pop_HB200.mat|03_original_model/05_outputs_historicos/scores_HB200.mat,CA40083629C97A7851A15219F46ACF22C7C5AFE4EC09190E5BBA9618106977B9|F1D4A1AD85A533CE41D87FEAA04651B9604607E3D3F527EA5A3FCDA11971FD9B
T026,HB200,29,0.12801632621865711,54.056565157662611,0.67319397434474915,FIXED_FROM_START,0,6.1620055495477981,0.24384198743951141,125.16419809611928,NO,1,03_original_model/05_outputs_historicos/final_pop_HB200.mat|03_original_model/05_outputs_historicos/scores_HB200.mat,CA40083629C97A7851A15219F46ACF22C7C5AFE4EC09190E5BBA9618106977B9|F1D4A1AD85A533CE41D87FEAA04651B9604607E3D3F527EA5A3FCDA11971FD9B
T027,HB200,30,0.078812126706852101,50.851574268469456,0.41309940625120117,FIXED_FROM_START,0,5.0183314888882009,0.47297541151222172,96.18783555652476,YES,1,03_original_model/05_outputs_historicos/final_pop_HB200.mat|03_original_model/05_outputs_historicos/scores_HB200.mat,CA40083629C97A7851A15219F46ACF22C7C5AFE4EC09190E5BBA9618106977B9|F1D4A1AD85A533CE41D87FEAA04651B9604607E3D3F527EA5A3FCDA11971FD9B
T028,HB200,31,0.1593136840516621,69.118367050482078,0.66361078998902567,FIXED_FROM_START,0,8.2088744830545401,0.0035532090656647999,174.85009004872094,YES,1,03_original_model/05_outputs_historicos/final_pop_HB200.mat|03_original_model/05_outputs_historicos/scores_HB200.mat,CA40083629C97A7851A15219F46ACF22C7C5AFE4EC09190E5BBA9618106977B9|F1D4A1AD85A533CE41D87FEAA04651B9604607E3D3F527EA5A3FCDA11971FD9B
T029,HB200,34,0.073565381349814996,45.191978277574528,0.46113234648961082,FIXED_FROM_START,0,6.549233908992611,0.7097502083616497,85.405155916924571,YES,1,03_original_model/05_outputs_historicos/final_pop_HB200.mat|03_original_model/05_outputs_historicos/scores_HB200.mat,CA40083629C97A7851A15219F46ACF22C7C5AFE4EC09190E5BBA9618106977B9|F1D4A1AD85A533CE41D87FEAA04651B9604607E3D3F527EA5A3FCDA11971FD9B
T030,HB200,35,0.109769177849232,56.245629156444565,0.49826687388713281,FIXED_FROM_START,0,5.4697997417781981,0.1837613018404162,122.34278153034532,YES,1,03_original_model/05_outputs_historicos/final_pop_HB200.mat|03_original_model/05_outputs_historicos/scores_HB200.mat,CA40083629C97A7851A15219F46ACF22C7C5AFE4EC09190E5BBA9618106977B9|F1D4A1AD85A533CE41D87FEAA04651B9604607E3D3F527EA5A3FCDA11971FD9B
T031,HB200,36,0.073573955057170695,45.724573701001646,0.71487786058974934,FIXED_FROM_START,0,14.947366328926361,0.87592898473147907,84.759306718885313,NO,1,03_original_model/05_outputs_historicos/final_pop_HB200.mat|03_original_model/05_outputs_historicos/scores_HB200.mat,CA40083629C97A7851A15219F46ACF22C7C5AFE4EC09190E5BBA9618106977B9|F1D4A1AD85A533CE41D87FEAA04651B9604607E3D3F527EA5A3FCDA11971FD9B
T032,HB200,37,0.12698178038770469,60.679071226821883,0.6191301058002443,FIXED_FROM_START,0,6.1839347997013299,0.063391269133977496,141.33990483564602,NO,1,03_original_model/05_outputs_historicos/final_pop_HB200.mat|03_original_model/05_outputs_historicos/scores_HB200.mat,CA40083629C97A7851A15219F46ACF22C7C5AFE4EC09190E5BBA9618106977B9|F1D4A1AD85A533CE41D87FEAA04651B9604607E3D3F527EA5A3FCDA11971FD9B
T033,HB200,38,0.0911107339817534,51.570755886095434,0.36669195485630601,FIXED_FROM_START,0,5.0674037993508252,0.37688381911790758,103.56050311817086,NO,1,03_original_model/05_outputs_historicos/final_pop_HB200.mat|03_original_model/05_outputs_historicos/scores_HB200.mat,CA40083629C97A7851A15219F46ACF22C7C5AFE4EC09190E5BBA9618106977B9|F1D4A1AD85A533CE41D87FEAA04651B9604607E3D3F527EA5A3FCDA11971FD9B
T034,HB200,39,0.11502154945879429,65.357695444891007,0.3540007243736174,FIXED_FROM_START,0,7.016010309979178,0.019504895374926601,156.88817190759087,NO,1,03_original_model/05_outputs_historicos/final_pop_HB200.mat|03_original_model/05_outputs_historicos/scores_HB200.mat,CA40083629C97A7851A15219F46ACF22C7C5AFE4EC09190E5BBA9618106977B9|F1D4A1AD85A533CE41D87FEAA04651B9604607E3D3F527EA5A3FCDA11971FD9B
T035,HB200,40,0.16316132892314869,69.356942814949662,0.63690710882316415,FIXED_FROM_START,0,8.3194881517858335,0.0035905619669623998,174.81313007092058,YES,1,03_original_model/05_outputs_historicos/final_pop_HB200.mat|03_original_model/05_outputs_historicos/scores_HB200.mat,CA40083629C97A7851A15219F46ACF22C7C5AFE4EC09190E5BBA9618106977B9|F1D4A1AD85A533CE41D87FEAA04651B9604607E3D3F527EA5A3FCDA11971FD9B
T036,HB200,41,0.093757575721761896,69.145554464293468,0.53725955828317795,FIXED_FROM_START,0,5.8578353053982708,0.013184936420259001,141.10875604388173,YES,1,03_original_model/05_outputs_historicos/final_pop_HB200.mat|03_original_model/05_outputs_historicos/scores_HB200.mat,CA40083629C97A7851A15219F46ACF22C7C5AFE4EC09190E5BBA9618106977B9|F1D4A1AD85A533CE41D87FEAA04651B9604607E3D3F527EA5A3FCDA11971FD9B
T037,HB200,42,0.11432301028871809,50.880672345986511,0.0032237427132868002,FIXED_FROM_START,0,7.0185909811641078,0.34268168754402872,124.50707530781006,NO,1,03_original_model/05_outputs_historicos/final_pop_HB200.mat|03_original_model/05_outputs_historicos/scores_HB200.mat,CA40083629C97A7851A15219F46ACF22C7C5AFE4EC09190E5BBA9618106977B9|F1D4A1AD85A533CE41D87FEAA04651B9604607E3D3F527EA5A3FCDA11971FD9B
T038,HB200,43,0.1829248049187987,69.69187561298908,0.41120251967975457,FIXED_FROM_START,0,10.694528364969557,0.0035777026124521999,204.25156558902344,NO,1,03_original_model/05_outputs_historicos/final_pop_HB200.mat|03_original_model/05_outputs_historicos/scores_HB200.mat,CA40083629C97A7851A15219F46ACF22C7C5AFE4EC09190E5BBA9618106977B9|F1D4A1AD85A533CE41D87FEAA04651B9604607E3D3F527EA5A3FCDA11971FD9B
T039,HB200,44,0.073562778986456301,45.538669383317369,0.73956376480162922,FIXED_FROM_START,0,16.857368402421635,0.88922185438771806,84.93362037042931,NO,1,03_original_model/05_outputs_historicos/final_pop_HB200.mat|03_original_model/05_outputs_historicos/scores_HB200.mat,CA40083629C97A7851A15219F46ACF22C7C5AFE4EC09190E5BBA9618106977B9|F1D4A1AD85A533CE41D87FEAA04651B9604607E3D3F527EA5A3FCDA11971FD9B
T040,HB200,45,0.1182379872018991,66.406922990339396,0.55618819042664414,FIXED_FROM_START,0,6.5515162823900468,0.0154878205105179,150.72019977744409,NO,1,03_original_model/05_outputs_historicos/final_pop_HB200.mat|03_original_model/05_outputs_historicos/scores_HB200.mat,CA40083629C97A7851A15219F46ACF22C7C5AFE4EC09190E5BBA9618106977B9|F1D4A1AD85A533CE41D87FEAA04651B9604607E3D3F527EA5A3FCDA11971FD9B
T041,HB200,47,0.094255649105904907,46.22876288325439,0.68180125997977914,FIXED_FROM_START,0,9.9760222118928361,0.77188701773366486,90.852588948925273,NO,1,03_original_model/05_outputs_historicos/final_pop_HB200.mat|03_original_model/05_outputs_historicos/scores_HB200.mat,CA40083629C97A7851A15219F46ACF22C7C5AFE4EC09190E5BBA9618106977B9|F1D4A1AD85A533CE41D87FEAA04651B9604607E3D3F527EA5A3FCDA11971FD9B
T042,HB200,48,0.19008660277122111,69.805226122799411,0.25047558250020258,FIXED_FROM_START,0,12.581920917605062,0.0035363677241393998,229.95198338835371,NO,1,03_original_model/05_outputs_historicos/final_pop_HB200.mat|03_original_model/05_outputs_historicos/scores_HB200.mat,CA40083629C97A7851A15219F46ACF22C7C5AFE4EC09190E5BBA9618106977B9|F1D4A1AD85A533CE41D87FEAA04651B9604607E3D3F527EA5A3FCDA11971FD9B
T043,HB200,49,0.18147771522912601,69.43972945742135,0.31087309061972612,FIXED_FROM_START,0,11.675724212608532,0.0035234966969316999,218.93444903335924,NO,1,03_original_model/05_outputs_historicos/final_pop_HB200.mat|03_original_model/05_outputs_historicos/scores_HB200.mat,CA40083629C97A7851A15219F46ACF22C7C5AFE4EC09190E5BBA9618106977B9|F1D4A1AD85A533CE41D87FEAA04651B9604607E3D3F527EA5A3FCDA11971FD9B
T044,HB200,50,0.073565381349814996,45.691978277574528,0.69751663868184177,FIXED_FROM_START,0,14.463354453171361,0.8739978008035485,84.296442613336751,YES,1,03_original_model/05_outputs_historicos/final_pop_HB200.mat|03_original_model/05_outputs_historicos/scores_HB200.mat,CA40083629C97A7851A15219F46ACF22C7C5AFE4EC09190E5BBA9618106977B9|F1D4A1AD85A533CE41D87FEAA04651B9604607E3D3F527EA5A3FCDA11971FD9B
