THESIS_ID,phase,mode,m_max,T_min,r_rec,t_rec_or_historical_equivalent,terminal_time,terminal_regime,M_terminal,MR_terminal,water_removed_kg,useful_auxiliary_heat_MJ,LPG_energy_input_MJ,LPG_mass_kg,LPG_cost_USD,solar_cost_USD,impeller_electricity_kWh,electricity_cost_USD,total_cost_USD,total_operational_emissions_kgCO2e,f1,f2,f3,penalty_flag,nonphysical_flag,status,notes,current_rank,CURRENT_ND
T001,BASELINE,hybrid,0.190086602771221,69.805226122799397,0.00047558250020250003,0,17,M_DES_REACHED,0.11050396537761301,0.0035649041255220002,171.126896900182,3127.7199166127298,4009.8973289906799,86.86952619130598,97.255170810665291,6.1648666121330997,17.510000000000002,1.2557861266949,104.675823549493,268.38301857391798,0.0035649041255220002,0.61168539514013687,1.5683275010267099,0,0,OK,Productive objective v96j_fix1; no optimizer,3,NO
T002,BASELINE,hybrid,0.073569779465204904,45.188058045774895,0.69933011683854995,0,19.899999999999999,TMAX_REACHED,5.76027643135847,0.85889754581072586,24.232812784679705,248.81674875088399,318.99583173190302,6.9106549335334302,7.7368549759815011,6.1648666121330997,20.497,1.47000846595462,15.3717300540692,29.832632800600301,0.85889754581072586,0.63433536134061186,1.23108419421541,0,0,OK,Productive objective v96j_fix1; no optimizer,14,NO
T003,BASELINE,hybrid,0.190086602771221,69.781190635354307,0.195466534965961,0,17.100000000000001,M_DES_REACHED,0.110381340152869,0.0035463395978267,171.13008515602499,2706.3668956828301,3469.7011483113201,75.166835968616098,84.1533710604796,6.1648666121330997,17.613,1.2631731039107501,91.581410776523398,233.32067990584801,0.0035463395978267,0.53515669493780305,1.3634112300775201,0,0,OK,Productive objective v96j_fix1; no optimizer,2,NO
T004,BASELINE,hybrid,0.071657476626693598,54.336809606128398,0.232434175006342,0,19.899999999999999,TMAX_REACHED,2.0518421808760894,0.29746876561111402,120.652103297222,495.07627744210703,634.71317620782997,13.750285446443501,15.3941942407314,6.1648666121330997,20.497,1.47000846595462,23.029069318819101,50.351524339330403,0.29746876561111402,0.1908716772395409,0.41732819373476993,0,0,OK,Productive objective v96j_fix1; no optimizer,1,YES
T005,BASELINE,hybrid,0.190086602771221,69.930226122799397,0.00047558250020250003,0,16.899999999999999,M_DES_REACHED,0.110584117247706,0.0035770385099058001,171.12481295155999,3118.7315984472598,3998.3738441631494,86.619883972338684,96.975682735713207,6.1648666121330997,17.407,1.2483991494790501,104.388948497325,267.58835991701602,0.0035770385099058001,0.61001643593833887,1.5637028628499501,0,0,OK,Productive objective v96j_fix1; no optimizer,3,NO
T006,BASELINE,hybrid,0.073565381349815107,45.191978277574499,0.69751663868184188,0,19.899999999999999,TMAX_REACHED,5.7568607799888802,0.85838044213502585,24.321619720289,248.17692228851101,318.17554139552698,6.8928843456569897,7.7169598339782803,6.1648666121330997,20.497,1.47000846595462,15.351834912066,29.779321036971002,0.85838044213502585,0.63120117363152195,1.22439711579444,0,0,OK,Productive objective v96j_fix1; no optimizer,11,NO
T007,BASELINE,hybrid,0.073788742487953599,45.190295838634299,0.70169430935600186,0,19.899999999999999,TMAX_REACHED,5.7572779038768802,0.85844359152364003,24.310774499200999,250.837283118415,321.58626040822401,6.9667734057241004,7.7996826652510096,6.1648666121330997,20.497,1.47000846595462,15.434557743338701,30.000988217172296,0.85844359152364003,0.63488548025674785,1.23406139192144,0,0,OK,Productive objective v96j_fix1; no optimizer,12,NO
T008,BASELINE,hybrid,0.073562131420663507,45.190027209116494,0.69858021915498003,0,19.899999999999999,TMAX_REACHED,5.7588930856967799,0.85868811778396903,24.268779771883601,248.53880195035896,318.63948967994799,6.9029352183697501,7.7282123339668516,6.1648666121330997,20.497,1.47000846595462,15.3630874120546,29.809473655109201,0.85868811778396903,0.63303913737984285,1.22830541688976,0,0,OK,Productive objective v96j_fix1; no optimizer,12,NO
T009,BASELINE,hybrid,0.190086602771221,69.430226122799397,0.25047558250020302,0,17.399999999999999,M_DES_REACHED,0.110286689801653,0.0035320102535161,171.13254606515699,2608.7521591037998,3344.5540501330802,72.455676995950498,81.118080774668798,6.1648666121330997,17.922000000000001,1.2853340355583101,88.568281422360187,225.32439898785199,0.0035320102535161,0.51754200740190404,1.3166659654678501,0,0,OK,Productive objective v96j_fix1; no optimizer,1,YES
T010,BASELINE,hybrid,0.078852147773017398,53.588807030096199,0.28579731927693702,0,19.899999999999999,TMAX_REACHED,2.0945110071836095,0.30392850184703801,119.542713813226,523.96243427719196,671.74671061178492,14.5525717203593,16.292397466070799,6.1648666121330997,20.497,1.47000846595462,23.927272544158505,52.758383161077901,0.30392850184703801,0.20015667857049391,0.44133499632196488,0,0,OK,Productive objective v96j_fix1; no optimizer,2,NO
T011,BASELINE,hybrid,0.190086602771221,69.906190635354307,0.195466534965961,0,17,M_DES_REACHED,0.110454039359916,0.0035573457056276001,171.12819497664199,2698.2453886766002,3459.2889598418001,74.941268627422005,83.900836123788096,6.1648666121330997,17.510000000000002,1.2557861266949,91.321488862616093,232.59824588226601,0.0035573457056276001,0.53364373343084004,1.3592046939664999,0,0,OK,Productive objective v96j_fix1; no optimizer,2,NO
T012,BASELINE,hybrid,0.073588722521528205,57.134450991640001,0.67062678325675185,0,19.899999999999999,TMAX_REACHED,2.0267497529782701,0.29366996260278688,121.304506422565,644.24034277668,825.94915740600004,17.893179319887299,20.032389808011501,6.1648666121330997,20.497,1.47000846595462,27.6672648860993,62.780205959661998,0.29366996260278688,0.2280810969191879,0.51754223986507786,0,0,OK,Productive objective v96j_fix1; no optimizer,1,YES
T013,BASELINE,hybrid,0.086693218323770901,45.355236375702702,0.83065595007711002,0,19.899999999999999,TMAX_REACHED,5.65148307682274,0.84242705821265795,27.061440002608695,383.099063368906,491.15264534475102,10.640221952875899,11.9123085949777,6.1648666121330997,20.497,1.47000846595462,19.547183673065401,41.021333858627699,0.84242705821265795,0.722326072492117,1.5158592393706001,0,0,OK,Productive objective v96j_fix1; no optimizer,10,NO
T014,BASELINE,hybrid,0.073577281478477502,45.181040954622496,0.69301109133174987,0,19.899999999999999,TMAX_REACHED,5.7544604507428092,0.85801705051751886,24.384028280686895,246.00272868410201,315.38811369756598,6.83249813036322,7.6493541736219388,6.1648666121330997,20.497,1.47000846595462,15.2842292517097,29.598162391089701,0.85801705051751886,0.62681313668813987,1.21383399208623,0,0,OK,Productive objective v96j_fix1; no optimizer,10,NO
T015,BASELINE,hybrid,0.12516192360294101,69.624269995579695,0.50806113373497386,0,19.899999999999999,TMAX_REACHED,0.113501408715492,0.0040186942814845004,171.04896337339699,1512.94894846636,1939.6781390594399,42.020756912033001,47.044528389314699,6.1648666121330997,20.497,1.47000846595462,54.679403467402494,135.16293873609899,0.0040186942814845004,0.31967106019834901,0.79020027991073105,0,0,OK,Productive objective v96j_fix1; no optimizer,1,YES
T016,BASELINE,hybrid,0.073783017940746598,45.162991854549901,0.70096233263327601,0,19.899999999999999,TMAX_REACHED,5.7651370509027897,0.85963340669363686,24.106436676527501,249.56342940361696,319.95311462002098,6.9313932976607697,7.7600727053046308,6.1648666121330997,20.497,1.47000846595462,15.3949477833924,29.894847892982295,0.85963340669363686,0.63862394886351903,1.2401189065861,0,0,OK,Productive objective v96j_fix1; no optimizer,15,NO
T017,BASELINE,hybrid,0.18134203835948401,68.650489380596298,0.52408658859194401,0,18.5,M_DES_REACHED,0.110474253319037,0.0035604059455150001,171.12766941370501,2009.32401614487,2576.05643095496,55.807115055350096,62.4791079809265,6.1648666121330997,19.055,1.3665907849326799,70.010565377992194,175.88176516605,0.0035604059455150001,0.40911306522114788,1.02778098812795,0,0,OK,Productive objective v96j_fix1; no optimizer,2,NO
T018,BASELINE,hybrid,0.17857742518074191,69.160543782904597,0.486395377800171,0,18.100000000000001,M_DES_REACHED,0.110686288638769,0.0035925064825276,171.12215649539201,2027.4190256090601,2599.2551610372602,56.3096871975144,63.041764894965901,6.1648666121330997,18.643000000000001,1.3370428760692701,70.543674383168295,177.206553592543,0.0035925064825276,0.412241616327854,1.0355558696884199,0,0,OK,Productive objective v96j_fix1; no optimizer,3,NO
T019,BASELINE,hybrid,0.16212534458660091,53.284602721645904,0.49381668479224988,0,19.899999999999999,TMAX_REACHED,1.0331177805184499,0.14324162854431191,147.13893770652001,1183.77406986652,1517.65906393143,32.878229287942602,36.808970251654202,6.1648666121330997,20.497,1.47000846595462,44.443845329741897,107.735355863828,0.14324162854431191,0.30205359656998793,0.73220153375521901,0,0,OK,Productive objective v96j_fix1; no optimizer,4,NO
T020,BASELINE,hybrid,0.073564172221545904,45.189712343039801,0.69906168371301303,0,19.899999999999999,TMAX_REACHED,5.7595493545919698,0.85878747191037985,24.2517167806087,248.737467893158,318.894189606613,6.9084529810791295,7.7343897701555999,6.1648666121330997,20.497,1.47000846595462,15.369264848243301,29.826026943237402,0.85878747191037985,0.63373925183442403,1.22985218791132,0,0,OK,Productive objective v96j_fix1; no optimizer,13,NO
T021,BASELINE,hybrid,0.185552936023854,69.709582417248598,0.36175966426841488,0,17.300000000000001,M_DES_REACHED,0.11108254615845101,0.0036524968614565002,171.11185379988001,2301.4492821583999,2950.5760027671799,63.920623976758797,71.562623577497405,6.1648666121330997,17.818999999999999,1.2779470583424599,79.005437247972992,199.673507930276,0.0036524968614565002,0.46171808377677892,1.1669180334157301,0,0,OK,Productive objective v96j_fix1; no optimizer,4,NO
T022,BASELINE,hybrid,0.073562131420663507,45.690027209116494,0.69858021915498003,0,19.899999999999999,TMAX_REACHED,5.5947486630982599,0.83383789886905202,28.536534759445296,266.100240487093,341.154154470631,7.3906879218074399,8.2742780783768186,6.1648666121330997,20.497,1.47000846595462,15.9091531564645,31.2727317654223,0.83383789886905202,0.55750122748168485,1.0958839967446099,0,0,OK,Productive objective v96j_fix1; no optimizer,8,NO
T023,BASELINE,hybrid,0.110642896009325,59.8438530909918,0.26771747889775388,0,19.899999999999999,TMAX_REACHED,0.548558136873455,0.069882978696285,159.73748844129,1134.3763313274601,1454.3286299070101,31.5062528142766,35.272967787444202,6.1648666121330997,20.497,1.47000846595462,42.907842865531897,103.61942644283,0.069882978696285,0.26861473336174402,0.64868571212645487,0,0,OK,Productive objective v96j_fix1; no optimizer,3,NO
T024,BASELINE,hybrid,0.075230760140142197,52.8374902258834,0.57716925684666287,0,19.899999999999999,TMAX_REACHED,2.9637147509360302,0.43551934710373302,96.943416475663298,482.931074455925,619.14240314862195,13.4129636730637,15.016544124211199,6.1648666121330997,20.497,1.47000846595462,22.6514192022989,49.339559019191199,0.43551934710373302,0.23365608543397401,0.50895213736950795,0,0,OK,Productive objective v96j_fix1; no optimizer,4,NO
T025,BASELINE,hybrid,0.077283581084795799,66.839474122440095,0.33527438350425492,0,19.899999999999999,TMAX_REACHED,0.30961823995328203,0.033709293035965301,165.94992576121501,925.25500971530494,1186.22437142988,25.698101634096201,28.770425873279301,6.1648666121330997,20.497,1.47000846595462,36.405300951367003,86.194972902288512,0.033709293035965301,0.21937521685758701,0.51940350383955203,0,0,OK,Productive objective v96j_fix1; no optimizer,1,YES
T026,BASELINE,hybrid,0.128016326218657,54.056565157662597,0.67319397434474904,0,19.899999999999999,TMAX_REACHED,1.4392965540124001,0.204734009949218,136.578289595678,914.30210162282685,1172.1821815677299,25.393894748000999,28.429849678540901,6.1648666121330997,20.497,1.47000846595462,36.0647247566286,85.282352244003107,0.204734009949218,0.26405898670567302,0.62442100055924288,0,0,OK,Productive objective v96j_fix1; no optimizer,3,NO
T027,BASELINE,hybrid,0.078812126706852101,50.851574268469498,0.41309940625120101,0,19.899999999999999,TMAX_REACHED,3.0105564525031494,0.44261082496123588,95.725532234918205,426.19273283510802,546.40093953219002,11.8371087420319,13.2522886112615,6.1648666121330997,20.497,1.47000846595462,20.887163689349201,44.611994226095597,0.44261082496123588,0.218198459718045,0.46604070183296692,0,0,OK,Productive objective v96j_fix1; no optimizer,3,NO
T028,BASELINE,hybrid,0.15931368405166191,69.118367050482107,0.66361078998902601,0,19.199999999999999,M_DES_REACHED,0.1108728418551469,0.0036207492226272,171.117306111766,1646.31689400394,2110.6626846204399,45.724928176352599,51.191550075953401,6.1648666121330997,19.776,1.41829962544365,58.774716313530099,145.95532852905799,0.0036207492226272,0.34347616643252388,0.85295480536449286,0,0,OK,Productive objective v96j_fix1; no optimizer,1,YES
T029,BASELINE,hybrid,0.073565381349815107,45.191978277574499,0.46113234648961088,0,19.899999999999999,TMAX_REACHED,4.62590462883988,0.68716227039145605,53.726479650163,257.22997961344799,329.78202514544694,7.1443246348666998,7.9984609465999812,6.1648666121330997,20.497,1.47000846595462,15.633336024687701,30.533641904600096,0.68716227039145605,0.29098009261882202,0.56831644476649501,0,0,OK,Productive objective v96j_fix1; no optimizer,5,NO
T030,BASELINE,hybrid,0.109769177849232,56.2456291564446,0.49826687388713292,0,19.899999999999999,TMAX_REACHED,1.1319243873799201,0.158200198393213,144.569965928122,847.48778406049598,1086.5228000775601,23.538188909825799,26.352285817209001,6.1648666121330997,20.497,1.47000846595462,33.987160895296697,79.715234729477402,0.158200198393213,0.235091436019253,0.55139554206653485,0,0,OK,Productive objective v96j_fix1; no optimizer,2,NO
T031,BASELINE,hybrid,0.073573955057170598,45.724573701001695,0.714877860589749,0,19.899999999999999,TMAX_REACHED,5.6068087489327603,0.83566370426880787,28.222972527748201,274.12260960901102,351.439243088475,7.613501800010301,8.5237303631272194,6.1648666121330997,20.497,1.47000846595462,16.158605441214899,31.941173400030905,0.83566370426880787,0.57253379052571995,1.1317437725110999,0,0,OK,Productive objective v96j_fix1; no optimizer,9,NO
T032,BASELINE,hybrid,0.126981780387705,60.679071226821897,0.61913010580024386,0,19.899999999999999,TMAX_REACHED,0.43433840528659501,0.052590978825666802,162.70720146254899,1150.5346078247701,1475.04436900612,31.955033990600501,35.775402782472,6.1648666121330997,20.497,1.47000846595462,43.410277860559695,104.965769971802,0.052590978825666802,0.26679997855258902,0.64512061561062695,0,0,OK,Productive objective v96j_fix1; no optimizer,2,NO
T033,BASELINE,hybrid,0.0911107339817534,51.570755886095398,0.36669195485630601,0,19.899999999999999,TMAX_REACHED,2.36547864917133,0.34495094486188688,112.497555121546,541.34477212343995,694.03175913261498,15.0353500678643,16.8328941478057,6.1648666121330997,20.497,1.47000846595462,24.467769225893399,54.206718203592899,0.34495094486188688,0.21749600868621291,0.48184796678493502,0,0,OK,Productive objective v96j_fix1; no optimizer,3,NO
T034,BASELINE,hybrid,0.115021549458794,65.357695444890993,0.35400072437361702,0,19.899999999999999,TMAX_REACHED,0.19858737712009991,0.016900063675397401,168.836728194877,1370.9953775420699,1757.6863814641999,38.078127848011199,42.630540194880297,6.1648666121330997,20.497,1.47000846595462,50.265415272968099,123.335051544034,0.016900063675397401,0.29771611787543001,0.73049894334410304,0,0,OK,Productive objective v96j_fix1; no optimizer,3,NO
T035,BASELINE,hybrid,0.163161328923149,69.35694281494969,0.63690710882316404,0,18.800000000000001,M_DES_REACHED,0.110472663920073,0.0035601653225831001,171.12771073807801,1676.7763662595701,2149.71329007638,46.570911830077499,52.138674900426899,6.1648666121330997,19.364000000000001,1.3887517165802401,59.692293229140198,148.31035149023199,0.0035601653225831001,0.34881722528564102,0.86666473156548485,0,0,OK,Productive objective v96j_fix1; no optimizer,1,YES
T036,BASELINE,hybrid,0.093757575721761896,69.145554464293497,0.53725955828317795,0,19.899999999999999,TMAX_REACHED,0.162349157883074,0.011413872509893201,169.77892189504001,1130.0832569665199,1448.8246884186101,31.387016646850402,35.139476397099699,6.1648666121330997,20.497,1.47000846595462,42.774351475187501,103.26171794055099,0.011413872509893201,0.25194147187264587,0.60821282635066487,0,0,OK,Productive objective v96j_fix1; no optimizer,1,YES
T037,BASELINE,hybrid,0.114323010288718,50.880672345986497,0.0032237427132868002,0,19.899999999999999,TMAX_REACHED,2.0936713486207399,0.303801383917773,119.56454493586099,849.55086023709509,1089.16776953474,23.5954889413938,26.4164363266216,6.1648666121330997,20.497,1.47000846595462,34.051311404709303,79.887134824181402,0.303801383917773,0.28479438802678292,0.66815070359725903,0,0,OK,Productive objective v96j_fix1; no optimizer,4,NO
T038,BASELINE,hybrid,0.18292480491879901,69.691875612989094,0.41120251967975502,0,17.5,M_DES_REACHED,0.110441206637914,0.0035554029289804,171.128528627414,2188.3613181596202,2805.5914335379798,60.779710431932003,68.046199617374199,6.1648666121330997,18.024999999999999,1.29272101277416,75.503787242281504,190.34223129579601,0.0035554029289804,0.44121098830149102,1.1122764440417401,0,0,OK,Productive objective v96j_fix1; no optimizer,1,YES
T039,BASELINE,hybrid,0.073562778986456301,45.538669383317398,0.739563764801629,0,19.899999999999999,TMAX_REACHED,5.7063522893019796,0.85073384025381804,25.6348404781486,278.00551287144498,356.41732419416002,7.7213458447608287,8.6444676510229499,6.1648666121330997,20.497,1.47000846595462,16.279342729110699,32.264705534282498,0.85073384025381804,0.63504755346487685,1.2586271235736901,0,0,OK,Productive objective v96j_fix1; no optimizer,10,NO
T040,BASELINE,hybrid,0.118237987201899,66.406922990339396,0.55618819042664402,0,19.899999999999999,TMAX_REACHED,0.173848984208405,0.0131548588750952,169.47992641058099,1287.2257064944199,1650.2893673005401,35.751502757810698,40.025756555776297,6.1648666121330997,20.497,1.47000846595462,47.660631633864099,116.35517627343199,0.0131548588750952,0.28121697149196101,0.68654252298617502,0,0,OK,Productive objective v96j_fix1; no optimizer,2,NO
T041,BASELINE,hybrid,0.094255649105904907,46.228762883254397,0.68180125997977903,0,19.899999999999999,TMAX_REACHED,4.7981444890215599,0.71323807707212505,49.248243285439401,379.93600862646002,487.09744695699902,10.552371034597,11.8139547022183,6.1648666121330997,20.497,1.47000846595462,19.448829780305999,40.757781103791103,0.71323807707212505,0.39491418338684492,0.82759867935921805,0,0,OK,Productive objective v96j_fix1; no optimizer,6,NO
T042,BASELINE,hybrid,0.190086602771221,69.805226122799397,0.25047558250020302,0,17.100000000000001,M_DES_REACHED,0.1104553067361809,0.0035575375767685001,171.12816202485899,2585.5963067907801,3314.8670599881798,71.812544627126996,80.398059023358101,6.1648666121330997,17.613,1.2631731039107501,87.8260987394019,223.25780588138096,0.0035575375767685001,0.51321826694219785,1.3046234076244501,0,0,OK,Productive objective v96j_fix1; no optimizer,2,NO
T043,BASELINE,hybrid,0.18147771522912601,69.439729457421393,0.31087309061972601,0,17.600000000000001,M_DES_REACHED,0.111022719251248,0.0036434395220876002,171.113409299468,2378.06124603533,3048.7964692760702,66.048450374264803,73.944841241366902,6.1648666121330997,18.128,1.3001079899900101,81.40981584348998,206.19418312279501,0.0036434395220876002,0.47576526104400002,1.20501475580988,0,0,OK,Productive objective v96j_fix1; no optimizer,4,NO
T044,BASELINE,hybrid,0.073565381349815107,45.691978277574499,0.69751663868184188,0,19.899999999999999,TMAX_REACHED,5.5925014783272404,0.83349769216194702,28.594961563491701,265.74386880028999,340.69726769267999,7.3807900280043297,8.2631968466182002,6.1648666121330997,20.497,1.47000846595462,15.898071924705899,31.243038084013001,0.83349769216194702,0.55597458627129703,1.09260640251751,0,0,OK,Productive objective v96j_fix1; no optimizer,7,NO
