seed,row,source,x,f,inclusion,reason
61001,1,returned,"[0.19409867867318725, 66.47358197296981, 0.6593744027366959, 10.064117832005463]","[0.0035384411163228123, 0.5118720973717192, 1.3051097766883577]",INCLUDED_BEFORE_EXACT_DEDUP,
61001,2,returned,"[0.19409867867318725, 66.47358197296981, 0.6593744027366959, 10.062164707005463]","[0.0035384411163228123, 0.5118720973717192, 1.3051097766883577]",INCLUDED_BEFORE_EXACT_DEDUP,
61001,3,returned,"[0.07004189509017565, 57.15458149002458, 0.46144752854289756, 9.838112616466683]","[0.2228099782644512, 0.18697225107779206, 0.4159223379011286]",INCLUDED_BEFORE_EXACT_DEDUP,
61001,4,returned,"[0.11649396165284404, 64.84204333571675, 0.5698378067030425, 9.877694152500426]","[0.018308933308249363, 0.3037923527391264, 0.746684503147779]",INCLUDED_BEFORE_EXACT_DEDUP,
61001,5,returned,"[0.1610779425772786, 66.39850363122416, 0.6315233878995964, 10.038356901188816]","[0.005269267342027493, 0.42745980996985705, 1.078951548370412]",INCLUDED_BEFORE_EXACT_DEDUP,
61001,6,returned,"[0.13717466757672642, 66.31133456402915, 0.6228426682359076, 9.966878002407508]","[0.007996231021833933, 0.36277220618842104, 0.9054294701137775]",INCLUDED_BEFORE_EXACT_DEDUP,
61001,7,returned,"[0.17144009691927148, 66.46343767357219, 0.6589905152892271, 10.045148483905535]","[0.0044984390083460555, 0.45146856348290587, 1.1433377792681167]",INCLUDED_BEFORE_EXACT_DEDUP,
61001,8,returned,"[0.09104290480287056, 65.96030752159879, 0.5692593271289389, 10.060917734575252]","[0.026112143625820882, 0.24662443345799337, 0.5929554291193696]",INCLUDED_BEFORE_EXACT_DEDUP,
61001,9,returned,"[0.1296825926372298, 65.10416070185771, 0.6457609832951636, 9.919624237406845]","[0.013236482509686306, 0.33206821893497823, 0.8227998763593255]",INCLUDED_BEFORE_EXACT_DEDUP,
61001,10,population,"[0.07004189509017565, 57.15443653152849, 0.4672854612834313, 9.838106728092447]","[0.22312740118117738, 0.18702972592293268, 0.4160415804193457]",INCLUDED_BEFORE_EXACT_DEDUP,
61001,11,population,"[0.19409867867318725, 66.47358197296981, 0.6593744027366959, 10.064117832005463]","[0.0035384411163228123, 0.5118720973717192, 1.3051097766883577]",INCLUDED_BEFORE_EXACT_DEDUP,
61001,12,population,"[0.19409867867318725, 66.47342863291831, 0.6592037952957258, 10.064117685321142]","[0.00353850794872784, 0.5119106435892561, 1.3052130621071647]",INCLUDED_BEFORE_EXACT_DEDUP,
61001,13,population,"[0.07004189509017565, 57.15443653152849, 0.4672854612834313, 9.838106728092447]","[0.22312740118117738, 0.18702972592293268, 0.4160415804193457]",INCLUDED_BEFORE_EXACT_DEDUP,
61001,14,population,"[0.19409867867318725, 66.47349872437819, 0.6592608799001825, 10.064116946283846]","[0.003538464576017152, 0.5118979754738039, 1.3051791190485718]",INCLUDED_BEFORE_EXACT_DEDUP,
61001,15,population,"[0.19409867867318725, 66.47358197296981, 0.6593744027366959, 10.062164707005463]","[0.0035384411163228123, 0.5118720973717192, 1.3051097766883577]",INCLUDED_BEFORE_EXACT_DEDUP,
61001,16,population,"[0.07004189509017565, 57.15458149002458, 0.46144752854289756, 9.838112616466683]","[0.2228099782644512, 0.18697225107779206, 0.4159223379011286]",INCLUDED_BEFORE_EXACT_DEDUP,
61001,17,population,"[0.19409867867318725, 66.47349872437819, 0.6592608799001825, 10.064116946283846]","[0.003538464576017152, 0.5118979754738039, 1.3051791190485718]",INCLUDED_BEFORE_EXACT_DEDUP,
61001,18,population,"[0.07293610241631977, 61.62767439742194, 0.4777413851058786, 9.889717230346653]","[0.11435103391045534, 0.19523344965975428, 0.4484803726470351]",INCLUDED_BEFORE_EXACT_DEDUP,
61001,19,population,"[0.19409867867318725, 66.47353553482604, 0.6593055276819689, 10.063018566067385]","[0.003538450794818189, 0.5118878474719604, 1.3051519805975569]",INCLUDED_BEFORE_EXACT_DEDUP,
61001,20,population,"[0.11649396165284404, 64.84204333571675, 0.5698378067030425, 9.877694152500426]","[0.018308933308249363, 0.3037923527391264, 0.746684503147779]",INCLUDED_BEFORE_EXACT_DEDUP,
61001,21,population,"[0.07004189509017565, 57.15458149002458, 0.464684012334284, 9.838112616466683]","[0.2229830914691193, 0.18700381637372387, 0.4159879628479035]",INCLUDED_BEFORE_EXACT_DEDUP,
61001,22,population,"[0.1610779425772786, 66.39850363122416, 0.6315233878995964, 10.038356901188816]","[0.005269267342027493, 0.42745980996985705, 1.078951548370412]",INCLUDED_BEFORE_EXACT_DEDUP,
61001,23,population,"[0.07004189509017565, 57.15443653152849, 0.4653323362834313, 9.838106728092447]","[0.22302182786624022, 0.18701024792336754, 0.41600095367155276]",INCLUDED_BEFORE_EXACT_DEDUP,
61001,24,population,"[0.15590990679591138, 64.09134072961932, 0.6503909810893016, 10.051390554685836]","[0.011368497676201494, 0.3893719479274476, 0.9764797198681067]",INCLUDED_BEFORE_EXACT_DEDUP,
61001,25,population,"[0.16060056351912688, 62.22278864314183, 0.6075409514733363, 10.053458072714497]","[0.017739687699548742, 0.39018403867300677, 0.9782219249555496]",INCLUDED_BEFORE_EXACT_DEDUP,
61001,26,population,"[0.11029087646835549, 61.87379735502701, 0.5918082306687933, 10.009978684959558]","[0.045083851477070266, 0.27178378782558393, 0.6590242046999695]",INCLUDED_BEFORE_EXACT_DEDUP,
61001,27,population,"[0.13717466757672642, 66.31133456402915, 0.6228426682359076, 9.966878002407508]","[0.007996231021833933, 0.36277220618842104, 0.9054294701137775]",INCLUDED_BEFORE_EXACT_DEDUP,
61001,28,population,"[0.11909819931317855, 60.90490234255514, 0.5668720673215593, 10.025316398451974]","[0.04733253778195673, 0.2878155480691064, 0.701820029910885]",INCLUDED_BEFORE_EXACT_DEDUP,
61001,29,population,"[0.17144009691927148, 66.46343767357219, 0.6589905152892271, 10.045148483905535]","[0.0044984390083460555, 0.45146856348290587, 1.1433377792681167]",INCLUDED_BEFORE_EXACT_DEDUP,
61001,30,population,"[0.0904022765872648, 60.555694288592264, 0.49269068500396496, 9.899933770977388]","[0.09103147223820328, 0.2280878922944241, 0.538434131928522]",INCLUDED_BEFORE_EXACT_DEDUP,
61001,31,population,"[0.09104290480287056, 65.96030752159879, 0.5692593271289389, 10.060917734575252]","[0.026112143625820882, 0.24662443345799337, 0.5929554291193696]",INCLUDED_BEFORE_EXACT_DEDUP,
61001,32,population,"[0.1296825926372298, 65.10416070185771, 0.6457609832951636, 9.919624237406845]","[0.013236482509686306, 0.33206821893497823, 0.8227998763593255]",INCLUDED_BEFORE_EXACT_DEDUP,
61001,33,population,"[0.1390636337607944, 65.77009570505258, 0.5914857831860142, 9.999402029704047]","[0.00901817255018443, 0.3673126293119692, 0.9175274057860624]",INCLUDED_BEFORE_EXACT_DEDUP,
61002,1,returned,"[0.07030589291313223, 55.608523014936495, 0.15822045943515306, 2.8136692515346233]","[0.2515449894943244, 0.18930240830031614, 0.41889929155461103]",INCLUDED_BEFORE_EXACT_DEDUP,
61002,2,returned,"[0.19613779875277193, 66.44332955989745, 0.324562861907893, 2.0371868256744827]","[0.003538436999063138, 0.5403589491804578, 1.3814442062386951]",INCLUDED_BEFORE_EXACT_DEDUP,
61002,3,returned,"[0.1065446841324467, 63.26149048430891, 0.1506451934737153, 3.0407872594976486]","[0.0330204491820506, 0.29968341238196927, 0.7346490922863016]",INCLUDED_BEFORE_EXACT_DEDUP,
61002,4,returned,"[0.07030759866919663, 52.250905074848156, 0.14037284311134152, 3.0713699739276294]","[0.3381941510297868, 0.1913707683080165, 0.4128725887784405]",INCLUDED_BEFORE_EXACT_DEDUP,
61002,5,returned,"[0.1834020448805001, 65.99242193279778, 0.24746445696676866, 2.1260933917182263]","[0.004457266978354036, 0.5304302019550556, 1.3549290746092852]",INCLUDED_BEFORE_EXACT_DEDUP,
61002,6,returned,"[0.16543651836188517, 66.00067533897625, 0.3261931155722214, 2.0980088201271645]","[0.005674361028467562, 0.45049407365993877, 1.1406479327785553]",INCLUDED_BEFORE_EXACT_DEDUP,
61002,7,returned,"[0.13085071259004077, 63.437269219646616, 0.20133932396448606, 2.6919826094602834]","[0.019686704257985535, 0.36127189016063127, 0.9006141300330816]",INCLUDED_BEFORE_EXACT_DEDUP,
61002,8,returned,"[0.07385711342942602, 58.50590547565709, 0.16568199109336196, 2.6722050890586284]","[0.17152881822142446, 0.19637251783468154, 0.4463789286461369]",INCLUDED_BEFORE_EXACT_DEDUP,
61002,9,returned,"[0.08870210055473665, 64.4863681105515, 0.20652302045065546, 2.6336210412288503]","[0.03900015931954097, 0.24743036939680874, 0.5942043196756909]",INCLUDED_BEFORE_EXACT_DEDUP,
61002,10,population,"[0.1993061726415685, 66.440030664902, 0.2121733796926858, 1.935303108508553]","[0.003588230553677584, 0.5900020639642408, 1.5141632759363932]",INCLUDED_BEFORE_EXACT_DEDUP,
61002,11,population,"[0.07030591309024849, 55.55708139562511, 0.16244553178864446, 3.017387715233558]","[0.25356181997825006, 0.18942261982846126, 0.4189826647698002]",INCLUDED_BEFORE_EXACT_DEDUP,
61002,12,population,"[0.07030589291313223, 55.611306898999274, 0.17763338323666705, 3.101972610791968]","[0.25511173300835654, 0.18951482630819, 0.4190453892240113]",INCLUDED_BEFORE_EXACT_DEDUP,
61002,13,population,"[0.07030589291313223, 55.608523014936495, 0.15822045943515306, 2.8136692515346233]","[0.2515449894943244, 0.18930240830031614, 0.41889929155461103]",INCLUDED_BEFORE_EXACT_DEDUP,
61002,14,population,"[0.1614087627918724, 56.99680506035, 0.19524368235172715, 2.498867401268096]","[0.061828928295606815, 0.381253189162917, 0.9511263336745028]",INCLUDED_BEFORE_EXACT_DEDUP,
61002,15,population,"[0.07030589569421873, 55.58706186631821, 0.16013535457732425, 2.9192402243568867]","[0.2524048568647157, 0.18936001437314443, 0.41895202235097606]",INCLUDED_BEFORE_EXACT_DEDUP,
61002,16,population,"[0.19613779875277193, 66.44332955989745, 0.324562861907893, 2.0371868256744827]","[0.003538436999063138, 0.5403589491804578, 1.3814442062386951]",INCLUDED_BEFORE_EXACT_DEDUP,
61002,17,population,"[0.1973530476415685, 66.440030664902, 0.2121733796926858, 1.936565773303475]","[0.003540316806184036, 0.5869954717728639, 1.5062614784095152]",INCLUDED_BEFORE_EXACT_DEDUP,
61002,18,population,"[0.1065446841324467, 63.26149048430891, 0.1506451934737153, 3.0407872594976486]","[0.0330204491820506, 0.29968341238196927, 0.7346490922863016]",INCLUDED_BEFORE_EXACT_DEDUP,
61002,19,population,"[0.0813747932297093, 62.50679408212814, 0.19128638140078125, 2.6498184466450434]","[0.07463302631174286, 0.22040023632522826, 0.5191233606002286]",INCLUDED_BEFORE_EXACT_DEDUP,
61002,20,population,"[0.07030759866919663, 52.250905074848156, 0.14037284311134152, 3.0713699739276294]","[0.3381941510297868, 0.1913707683080165, 0.4128725887784405]",INCLUDED_BEFORE_EXACT_DEDUP,
61002,21,population,"[0.0898049724627719, 59.90024682404996, 0.14392416963750793, 2.7025292341187312]","[0.10105460486794278, 0.2364565508280166, 0.56004785057039]",INCLUDED_BEFORE_EXACT_DEDUP,
61002,22,population,"[0.1834020448805001, 65.99242193279778, 0.24746445696676866, 2.1260933917182263]","[0.004457266978354036, 0.5304302019550556, 1.3549290746092852]",INCLUDED_BEFORE_EXACT_DEDUP,
61002,23,population,"[0.16543651836188517, 66.00067533897625, 0.3261931155722214, 2.0980088201271645]","[0.005674361028467562, 0.45049407365993877, 1.1406479327785553]",INCLUDED_BEFORE_EXACT_DEDUP,
61002,24,population,"[0.07221786446753603, 53.222333619750756, 0.1410932417796679, 2.827672008822578]","[0.30504809736495675, 0.19281474694294876, 0.421508214200428]",INCLUDED_BEFORE_EXACT_DEDUP,
61002,25,population,"[0.13085071259004077, 63.437269219646616, 0.20133932396448606, 2.6919826094602834]","[0.019686704257985535, 0.36127189016063127, 0.9006141300330816]",INCLUDED_BEFORE_EXACT_DEDUP,
61002,26,population,"[0.0909912500986195, 60.59754060892174, 0.2963457304978135, 2.914700886711013]","[0.08934028710971265, 0.2272160857689672, 0.5362331267513734]",INCLUDED_BEFORE_EXACT_DEDUP,
61002,27,population,"[0.07030759866919663, 52.250905074848156, 0.14134940561134152, 3.0713699739276294]","[0.33838440921504404, 0.19138417570895983, 0.4128797787988861]",INCLUDED_BEFORE_EXACT_DEDUP,
61002,28,population,"[0.16308460444101183, 55.63223252844477, 0.22030365216041337, 2.6945113525602236]","[0.08174261367121242, 0.3688583016054978, 0.9163837729230279]",INCLUDED_BEFORE_EXACT_DEDUP,
61002,29,population,"[0.07385711342942602, 58.50590547565709, 0.16568199109336196, 2.6722050890586284]","[0.17152881822142446, 0.19637251783468154, 0.4463789286461369]",INCLUDED_BEFORE_EXACT_DEDUP,
61002,30,population,"[0.1781684112224111, 63.69403792376315, 0.17829812613683083, 2.8494954110814956]","[0.00926131026848605, 0.5089947590643242, 1.2971677404846467]",INCLUDED_BEFORE_EXACT_DEDUP,
61002,31,population,"[0.08870210055473665, 64.4863681105515, 0.20652302045065546, 2.6336210412288503]","[0.03900015931954097, 0.24743036939680874, 0.5942043196756909]",INCLUDED_BEFORE_EXACT_DEDUP,
61002,32,population,"[0.14999012364032221, 64.32733200492962, 0.27257633940602144, 2.3353998331542716]","[0.011441808236809728, 0.40623550507135664, 1.0216629748434936]",INCLUDED_BEFORE_EXACT_DEDUP,
61002,33,population,"[0.13934091704526777, 57.92116003646613, 0.20073942827721225, 2.046057323301471]","[0.06609137669125806, 0.33612706123815717, 0.8298829393106972]",INCLUDED_BEFORE_EXACT_DEDUP,
61003,1,returned,"[0.07198136142766258, 56.79466155343445, 0.6674584238991281, 12.649098848121929]","[0.22736739129222333, 0.18288767994676008, 0.40447522894768895]",INCLUDED_BEFORE_EXACT_DEDUP,
61003,2,returned,"[0.07197754810898062, 54.70309320726457, 0.7160829447404511, 12.871995103658183]","[0.2855208662368561, 0.18396866391143404, 0.4004048587704998]",INCLUDED_BEFORE_EXACT_DEDUP,
61003,3,returned,"[0.11225699971087771, 66.80582854089694, 0.6777933701381792, 12.736068967572452]","[0.011414662921359944, 0.3119079619274894, 0.7689012134357766]",INCLUDED_BEFORE_EXACT_DEDUP,
61003,4,returned,"[0.19255667383656297, 66.82919510589754, 0.7741112230151715, 12.826784156175757]","[0.003536901054986336, 0.5320823865411496, 1.3588114281512527]",INCLUDED_BEFORE_EXACT_DEDUP,
61003,5,returned,"[0.16673936500496983, 66.8103251180672, 0.7052223721967823, 12.744265279965528]","[0.004221281697175431, 0.4711374994519213, 1.1960618835610777]",INCLUDED_BEFORE_EXACT_DEDUP,
61003,6,returned,"[0.15093046785300523, 66.80730426966575, 0.6864868884399452, 12.743406454284129]","[0.005325019260407343, 0.4262291189944005, 1.0756500164396436]",INCLUDED_BEFORE_EXACT_DEDUP,
61003,7,returned,"[0.07462339749861595, 60.60931734093549, 0.7584256122010291, 12.655086465491147]","[0.1402663952994768, 0.18960208877285714, 0.4311394205127147]",INCLUDED_BEFORE_EXACT_DEDUP,
61003,8,returned,"[0.12772009858682865, 66.80595597038837, 0.6975333077253107, 12.74125379996531]","[0.00812071868444575, 0.3555180654417655, 0.885982636995701]",INCLUDED_BEFORE_EXACT_DEDUP,
61003,9,returned,"[0.09148182540042017, 64.4668961606526, 0.7436033845826252, 12.831804316531295]","[0.038637006057707146, 0.23805197546971513, 0.5690996223335708]",INCLUDED_BEFORE_EXACT_DEDUP,
61003,10,population,"[0.07198136142766258, 56.79466155343445, 0.6674584238991281, 12.649098848121929]","[0.22736739129222333, 0.18288767994676008, 0.40447522894768895]",INCLUDED_BEFORE_EXACT_DEDUP,
61003,11,population,"[0.19856547016619808, 66.84487002811292, 0.7709990380087541, 12.554868444680361]","[0.0035398818319486948, 0.5411952677008471, 1.3829273126722228]",INCLUDED_BEFORE_EXACT_DEDUP,
61003,12,population,"[0.19984984588922775, 66.89530756931792, 0.7663416214265316, 12.653841057734528]","[0.003551952335944166, 0.5466993152450479, 1.3975237811987151]",INCLUDED_BEFORE_EXACT_DEDUP,
61003,13,population,"[0.07197754810898062, 54.76559320726457, 0.8410829447404511, 12.871995103658183]","[0.30362100024871086, 0.1872739058117307, 0.40685579332636285]",INCLUDED_BEFORE_EXACT_DEDUP,
61003,14,population,"[0.07197754810898062, 54.70309320726457, 0.7160829447404511, 12.871995103658183]","[0.2855208662368561, 0.18396866391143404, 0.4004048587704998]",INCLUDED_BEFORE_EXACT_DEDUP,
61003,15,population,"[0.19515260293188472, 61.84686740518947, 0.5582039387325186, 12.700316329482616]","[0.012997193799064848, 0.5115085967685438, 1.3036512460838188]",INCLUDED_BEFORE_EXACT_DEDUP,
61003,16,population,"[0.11225699971087771, 66.80582854089694, 0.6777933701381792, 12.736068967572452]","[0.011414662921359944, 0.3119079619274894, 0.7689012134357766]",INCLUDED_BEFORE_EXACT_DEDUP,
61003,17,population,"[0.07359414487167325, 56.04679987682398, 0.6980506016467926, 12.790845194133942]","[0.24614377409998456, 0.18617931340294674, 0.41116362811682206]",INCLUDED_BEFORE_EXACT_DEDUP,
61003,18,population,"[0.09758039971129145, 61.83078356043431, 0.7436593957972728, 12.79175194109156]","[0.06156743436966297, 0.24236378455178276, 0.5789727543906052]",INCLUDED_BEFORE_EXACT_DEDUP,
61003,19,population,"[0.0841665121838716, 58.67566312013857, 0.722746603800058, 12.660246739684535]","[0.15467784373310672, 0.20659523757011203, 0.4753634347695364]",INCLUDED_BEFORE_EXACT_DEDUP,
61003,20,population,"[0.11048538617973619, 55.840238327039486, 0.7165256057776763, 12.855611673974446]","[0.15731863641330854, 0.25445483170230715, 0.6033646075634848]",INCLUDED_BEFORE_EXACT_DEDUP,
61003,21,population,"[0.19255667383656297, 66.82919510589754, 0.7741112230151715, 12.826784156175757]","[0.003536901054986336, 0.5320823865411496, 1.3588114281512527]",INCLUDED_BEFORE_EXACT_DEDUP,
61003,22,population,"[0.1477180145040403, 65.27484944940016, 0.7378266084523999, 12.821609239885841]","[0.00901127940583028, 0.3962053140959176, 0.9949497844319583]",INCLUDED_BEFORE_EXACT_DEDUP,
61003,23,population,"[0.16673936500496983, 66.8103251180672, 0.7052223721967823, 12.744265279965528]","[0.004221281697175431, 0.4711374994519213, 1.1960618835610777]",INCLUDED_BEFORE_EXACT_DEDUP,
61003,24,population,"[0.13103105790166664, 63.05194812804724, 0.7344672334908632, 12.687319398058621]","[0.02252452831518836, 0.3307945742913913, 0.8187501179335424]",INCLUDED_BEFORE_EXACT_DEDUP,
61003,25,population,"[0.15093046785300523, 66.80730426966575, 0.6864868884399452, 12.743406454284129]","[0.005325019260407343, 0.4262291189944005, 1.0756500164396436]",INCLUDED_BEFORE_EXACT_DEDUP,
61003,26,population,"[0.0841665121838716, 58.67566312013857, 0.722746603800058, 12.660246739684535]","[0.15467784373310672, 0.20659523757011203, 0.4753634347695364]",INCLUDED_BEFORE_EXACT_DEDUP,
61003,27,population,"[0.12090712047234148, 64.19453917516243, 0.7304109941245734, 12.662095224195232]","[0.020073665968591784, 0.31259869300155696, 0.7701609772325987]",INCLUDED_BEFORE_EXACT_DEDUP,
61003,28,population,"[0.13127702069173786, 57.605155040169045, 0.82826164569805, 12.843567203868993]","[0.08719436080493241, 0.29645998264747936, 0.7219523838898412]",INCLUDED_BEFORE_EXACT_DEDUP,
61003,29,population,"[0.07462339749861595, 60.60931734093549, 0.7584256122010291, 12.655086465491147]","[0.1402663952994768, 0.18960208877285714, 0.4311394205127147]",INCLUDED_BEFORE_EXACT_DEDUP,
61003,30,population,"[0.12772009858682865, 66.80595597038837, 0.6975333077253107, 12.74125379996531]","[0.00812071868444575, 0.3555180654417655, 0.885982636995701]",INCLUDED_BEFORE_EXACT_DEDUP,
61003,31,population,"[0.09148182540042017, 64.4668961606526, 0.7436033845826252, 12.831804316531295]","[0.038637006057707146, 0.23805197546971513, 0.5690996223335708]",INCLUDED_BEFORE_EXACT_DEDUP,
61003,32,population,"[0.17401699789148775, 63.74974725095282, 0.4730618852001538, 12.996025421024262]","[0.009469536743608602, 0.49046822505842996, 1.247509317081692]",INCLUDED_BEFORE_EXACT_DEDUP,
61003,33,population,"[0.15707364194100737, 59.14648433595587, 0.6861334195973334, 12.42390448542102]","[0.040657282158832846, 0.3674684368934755, 0.9157439216974806]",INCLUDED_BEFORE_EXACT_DEDUP,
61004,1,returned,"[0.07012355630464477, 55.92699416297173, 0.2700580761966968, 0.7670526690146426]","[0.27391010633441504, 0.18914579380430022, 0.4157578683183273]",INCLUDED_BEFORE_EXACT_DEDUP,
61004,2,returned,"[0.19260077496493302, 68.71352494701512, 0.12894916010191393, 8.967166473569447]","[0.0035234386070778913, 0.6013407286569235, 1.54182299594184]",INCLUDED_BEFORE_EXACT_DEDUP,
61004,3,returned,"[0.19260077496493302, 68.71352494701512, 0.12894916010191393, 8.967166473569447]","[0.0035234386070778913, 0.6013407286569235, 1.54182299594184]",INCLUDED_BEFORE_EXACT_DEDUP,
61004,4,returned,"[0.15357379731270843, 67.42580602227254, 0.25647854186807073, 3.587315497272116]","[0.004232297675387843, 0.4591219000466974, 1.1638637010559372]",INCLUDED_BEFORE_EXACT_DEDUP,
61004,5,returned,"[0.11022758550017163, 68.23790368232507, 0.13222560122177832, 7.5728880158038265]","[0.007519209660758635, 0.3615658446362689, 0.9022289019733419]",INCLUDED_BEFORE_EXACT_DEDUP,
61004,6,returned,"[0.07012355630464477, 55.92699416297173, 0.2700580761966968, 0.7670526690146426]","[0.27391010633441504, 0.18914579380430022, 0.4157578683183273]",INCLUDED_BEFORE_EXACT_DEDUP,
61004,7,returned,"[0.07406347508351872, 65.04992795206918, 0.27135211165786005, 1.4417775901514198]","[0.0560264951368733, 0.20909414165248325, 0.490235850085683]",INCLUDED_BEFORE_EXACT_DEDUP,
61004,8,returned,"[0.07186056250807835, 57.06467819164099, 0.24121224954531822, 5.9464906775215605]","[0.22400768657355674, 0.19458836161781431, 0.43619941048249483]",INCLUDED_BEFORE_EXACT_DEDUP,
61004,9,returned,"[0.07043458716741795, 57.240968952218815, 0.25076432447874386, 0.8016601666972455]","[0.23333595619377392, 0.1887012117157185, 0.4193869998659456]",INCLUDED_BEFORE_EXACT_DEDUP,
61004,10,population,"[0.07012355630464477, 55.92699416297173, 0.2700580761966968, 0.7670526690146426]","[0.27391010633441504, 0.18914579380430022, 0.4157578683183273]",INCLUDED_BEFORE_EXACT_DEDUP,
61004,11,population,"[0.19260077496493302, 68.71352494701512, 0.12894916010191393, 8.967166473569447]","[0.0035234386070778913, 0.6013407286569235, 1.54182299594184]",INCLUDED_BEFORE_EXACT_DEDUP,
61004,12,population,"[0.16797740214132909, 64.79431769859663, 0.18896088779717682, 3.5513712650394726]","[0.0076055683469231595, 0.49163581198927675, 1.2507634330169595]",INCLUDED_BEFORE_EXACT_DEDUP,
61004,13,population,"[0.07012355630464477, 55.927088501747754, 0.2709793167407168, 0.7671464211028867]","[0.2742123228389401, 0.1891757719647949, 0.41580027161986854]",INCLUDED_BEFORE_EXACT_DEDUP,
61004,14,population,"[0.19260482808077775, 68.71303666576512, 0.12894916010191393, 8.967166473569447]","[0.003523797394412332, 0.6013466157100487, 1.5418387460660643]",INCLUDED_BEFORE_EXACT_DEDUP,
61004,15,population,"[0.19185460683342914, 67.58203290484235, 0.14060211814983364, 7.25420997505544]","[0.003617662824208767, 0.6010981980082559, 1.5425307202593586]",INCLUDED_BEFORE_EXACT_DEDUP,
61004,16,population,"[0.07012355630464477, 55.92706936125093, 0.2709978918051649, 0.7671235785542543]","[0.2742189716637054, 0.18917639196456712, 0.41580109823105305]",INCLUDED_BEFORE_EXACT_DEDUP,
61004,17,population,"[0.19260077496493302, 68.71352494701512, 0.12894916010191393, 8.967166473569447]","[0.0035234386070778913, 0.6013407286569235, 1.54182299594184]",INCLUDED_BEFORE_EXACT_DEDUP,
61004,18,population,"[0.07012355630464477, 55.927088501747754, 0.2709793167407168, 0.7671464211028867]","[0.2742123228389401, 0.1891757719647949, 0.41580027161986854]",INCLUDED_BEFORE_EXACT_DEDUP,
61004,19,population,"[0.15357379731270843, 67.42580602227254, 0.25647854186807073, 3.587315497272116]","[0.004232297675387843, 0.4591219000466974, 1.1638637010559372]",INCLUDED_BEFORE_EXACT_DEDUP,
61004,20,population,"[0.11022758550017163, 68.23790368232507, 0.13222560122177832, 7.5728880158038265]","[0.007519209660758635, 0.3615658446362689, 0.9022289019733419]",INCLUDED_BEFORE_EXACT_DEDUP,
61004,21,population,"[0.16204367726615784, 58.48500786867987, 0.2522698772455963, 3.83680275758003]","[0.043984523228720346, 0.38784495556099263, 0.9701056731126302]",INCLUDED_BEFORE_EXACT_DEDUP,
61004,22,population,"[0.07012355630464477, 55.92699416297173, 0.2700580761966968, 0.7670526690146426]","[0.27391010633441504, 0.18914579380430022, 0.4157578683183273]",INCLUDED_BEFORE_EXACT_DEDUP,
61004,23,population,"[0.11856000871684713, 57.15983912762916, 0.26237408990169825, 1.3693099084455174]","[0.10601662134023905, 0.27489455024281695, 0.6626393989087742]",INCLUDED_BEFORE_EXACT_DEDUP,
61004,24,population,"[0.09346651055211934, 63.700630267450464, 0.16358447774207152, 3.5465620882812137]","[0.04075376390087034, 0.2632230461020137, 0.6363971554115959]",INCLUDED_BEFORE_EXACT_DEDUP,
61004,25,population,"[0.10099873284023198, 56.799386082574784, 0.20603904930723044, 5.688190571270113]","[0.1454928333250067, 0.24872405196047015, 0.5890943351861161]",INCLUDED_BEFORE_EXACT_DEDUP,
61004,26,population,"[0.12934106598036219, 61.44951603849626, 0.23969201910581434, 3.1169761597543024]","[0.033945523722424674, 0.3334089255683469, 0.8249557412483721]",INCLUDED_BEFORE_EXACT_DEDUP,
61004,27,population,"[0.07406347508351872, 65.04992795206918, 0.27135211165786005, 1.4417775901514198]","[0.0560264951368733, 0.20909414165248325, 0.490235850085683]",INCLUDED_BEFORE_EXACT_DEDUP,
61004,28,population,"[0.07186056250807835, 57.06467819164099, 0.24121224954531822, 5.9464906775215605]","[0.22400768657355674, 0.19458836161781431, 0.43619941048249483]",INCLUDED_BEFORE_EXACT_DEDUP,
61004,29,population,"[0.07012355630464477, 55.9270445495246, 0.2708223551099598, 0.7671008836364805]","[0.2741615260480766, 0.18917066932669585, 0.4157929754586929]",INCLUDED_BEFORE_EXACT_DEDUP,
61004,30,population,"[0.07043458716741795, 57.240968952218815, 0.25076432447874386, 0.8016601666972455]","[0.23333595619377392, 0.1887012117157185, 0.4193869998659456]",INCLUDED_BEFORE_EXACT_DEDUP,
61004,31,population,"[0.14925033129296322, 61.71681873452989, 0.21418658803795887, 3.361878132199094]","[0.023167757269288266, 0.3943377296542462, 0.9889781714663451]",INCLUDED_BEFORE_EXACT_DEDUP,
61004,32,population,"[0.1589719497918004, 60.83754692834591, 0.13166416283817103, 2.687908977647669]","[0.025216505345161035, 0.42967504205557033, 1.0835270536825263]",INCLUDED_BEFORE_EXACT_DEDUP,
61004,33,population,"[0.09179240737977268, 56.675749771817834, 0.23170769408437225, 5.641454918010236]","[0.17074751481756292, 0.22695090121421996, 0.52839311618642]",INCLUDED_BEFORE_EXACT_DEDUP,
61005,1,returned,"[0.07022135274398865, 55.20578355526896, 0.17173427860545387, 0.4219339994707009]","[0.26594714832529864, 0.18802280494268397, 0.413736741567503]",INCLUDED_BEFORE_EXACT_DEDUP,
61005,2,returned,"[0.07018314711424696, 50.95792795077908, 0.15605979106714948, 0.39608542338192765]","[0.3803920594806317, 0.1921926690267648, 0.4082692185684976]",INCLUDED_BEFORE_EXACT_DEDUP,
61005,3,returned,"[0.15615433720654628, 64.33983632579614, 0.1901823023442058, 1.8176500077387157]","[0.010252176276768126, 0.4459293221374952, 1.1281084174411573]",INCLUDED_BEFORE_EXACT_DEDUP,
61005,4,returned,"[0.1005582276936317, 60.34935319432581, 0.22719555662474894, 0.8072652549443058]","[0.07554430358794673, 0.2531784120759462, 0.6068865308633986]",INCLUDED_BEFORE_EXACT_DEDUP,
61005,5,returned,"[0.16839476196590125, 64.2424861279426, 0.21136790418077728, 3.212521515861319]","[0.008929541615490151, 0.47813309159670003, 1.2144920129912098]",INCLUDED_BEFORE_EXACT_DEDUP,
61005,6,returned,"[0.07018314711424696, 50.95792795077908, 0.15605979106714948, 0.39608542338192765]","[0.3803920594806317, 0.1921926690267648, 0.4082692185684976]",INCLUDED_BEFORE_EXACT_DEDUP,
61005,7,returned,"[0.10785022233733607, 54.75670175511788, 0.19299323267967064, 2.935652029903705]","[0.18684028582011628, 0.2558896558439077, 0.60436013638935]",INCLUDED_BEFORE_EXACT_DEDUP,
61005,8,returned,"[0.1078851725647477, 64.47021945628425, 0.23120122962336456, 2.1288938688286856]","[0.024067142054647165, 0.2975729541101698, 0.7296212808274294]",INCLUDED_BEFORE_EXACT_DEDUP,
61005,9,returned,"[0.199961228164987, 64.47403329511573, 0.23295923299772525, 3.4193076694543283]","[0.00589099892059025, 0.568077474790889, 1.4557142999957604]",INCLUDED_BEFORE_EXACT_DEDUP,
61005,10,population,"[0.07029379730525767, 55.02824761664851, 0.16309286945609364, 0.41469330164349744]","[0.2684508207684285, 0.18818519269308834, 0.41386353441588397]",INCLUDED_BEFORE_EXACT_DEDUP,
61005,11,population,"[0.07022135274398865, 55.20578355526896, 0.17173427860545387, 0.4219339994707009]","[0.26594714832529864, 0.18802280494268397, 0.413736741567503]",INCLUDED_BEFORE_EXACT_DEDUP,
61005,12,population,"[0.07018314711424696, 50.95792795077908, 0.15605979106714948, 0.39608542338192765]","[0.3803920594806317, 0.1921926690267648, 0.4082692185684976]",INCLUDED_BEFORE_EXACT_DEDUP,
61005,13,population,"[0.07040502580843208, 55.032013116257964, 0.16618710000172202, 0.4180356350277683]","[0.26857523133079764, 0.18831948563884873, 0.41420801357953774]",INCLUDED_BEFORE_EXACT_DEDUP,
61005,14,population,"[0.07018314711424696, 50.95733709735938, 0.15605979106714948, 0.3960215202479282]","[0.380409445411811, 0.19219383325050265, 0.40826934317594293]",INCLUDED_BEFORE_EXACT_DEDUP,
61005,15,population,"[0.199961228164987, 64.45962943198283, 0.22845081685413957, 3.4184673325836497]","[0.005912731940228752, 0.5695219345884361, 1.4595834738390812]",INCLUDED_BEFORE_EXACT_DEDUP,
61005,16,population,"[0.07038288520796929, 55.07402298442021, 0.17039357388499113, 0.42156103230232833]","[0.268470157228511, 0.18827346424517197, 0.41409768050087575]",INCLUDED_BEFORE_EXACT_DEDUP,
61005,17,population,"[0.199961228164987, 64.47110360761573, 0.23217722005827213, 3.418309172445051]","[0.0058955204254878615, 0.5683215501183342, 1.4563680307480213]",INCLUDED_BEFORE_EXACT_DEDUP,
61005,18,population,"[0.10607543300330434, 59.369472792735465, 0.17229760614053555, 1.3203592929483454]","[0.08178276748109044, 0.26967663063933345, 0.6506097232032102]",INCLUDED_BEFORE_EXACT_DEDUP,
61005,19,population,"[0.15615433720654628, 64.33983632579614, 0.1901823023442058, 1.8176500077387157]","[0.010252176276768126, 0.4459293221374952, 1.1281084174411573]",INCLUDED_BEFORE_EXACT_DEDUP,
61005,20,population,"[0.1005582276936317, 60.34935319432581, 0.22719555662474894, 0.8072652549443058]","[0.07554430358794673, 0.2531784120759462, 0.6068865308633986]",INCLUDED_BEFORE_EXACT_DEDUP,
61005,21,population,"[0.16839476196590125, 64.2424861279426, 0.21136790418077728, 3.212521515861319]","[0.008929541615490151, 0.47813309159670003, 1.2144920129912098]",INCLUDED_BEFORE_EXACT_DEDUP,
61005,22,population,"[0.07018314711424696, 50.957356661132216, 0.15605979106714948, 0.39607869500234155]","[0.3804088697378942, 0.1921937946985648, 0.40826933904528334]",INCLUDED_BEFORE_EXACT_DEDUP,
61005,23,population,"[0.199961228164987, 64.47305673261573, 0.232310734462569, 3.418564757161848]","[0.00589218892275803, 0.5683020623778926, 1.4563160336232253]",INCLUDED_BEFORE_EXACT_DEDUP,
61005,24,population,"[0.07018314711424696, 50.95792795077908, 0.15605979106714948, 0.39608542338192765]","[0.3803920594806317, 0.1921926690267648, 0.4082692185684976]",INCLUDED_BEFORE_EXACT_DEDUP,
61005,25,population,"[0.10785022233733607, 54.75670175511788, 0.19299323267967064, 2.935652029903705]","[0.18684028582011628, 0.2558896558439077, 0.60436013638935]",INCLUDED_BEFORE_EXACT_DEDUP,
61005,26,population,"[0.1116735936531584, 55.44259354062213, 0.18845832615918606, 0.872568783475375]","[0.15830317633281027, 0.26362700373965703, 0.6278509003226813]",INCLUDED_BEFORE_EXACT_DEDUP,
61005,27,population,"[0.09867777662116248, 60.105505308283355, 0.15760267311334084, 0.6716639670642051]","[0.08103977130381403, 0.25650734902632255, 0.6153790598181265]",INCLUDED_BEFORE_EXACT_DEDUP,
61005,28,population,"[0.14714653034445926, 58.884242577071916, 0.20772720885447377, 2.095734325927081]","[0.04803719155622824, 0.36101737213781016, 0.8979229781468916]",INCLUDED_BEFORE_EXACT_DEDUP,
61005,29,population,"[0.1078851725647477, 64.47021945628425, 0.23120122962336456, 2.1288938688286856]","[0.024067142054647165, 0.2975729541101698, 0.7296212808274294]",INCLUDED_BEFORE_EXACT_DEDUP,
61005,30,population,"[0.1638965574676057, 63.88232650671707, 0.1756658089530409, 1.7918067571886487]","[0.010486912734249747, 0.46746625091907956, 1.1858037226625329]",INCLUDED_BEFORE_EXACT_DEDUP,
61005,31,population,"[0.199961228164987, 64.47305673261573, 0.232310734462569, 3.418564757161848]","[0.00589218892275803, 0.5683020623778926, 1.4563160336232253]",INCLUDED_BEFORE_EXACT_DEDUP,
61005,32,population,"[0.07064284210506236, 55.02824761664851, 0.16309668415335926, 0.41566986414349744]","[0.26710040041664584, 0.18863104577832246, 0.415224835793983]",INCLUDED_BEFORE_EXACT_DEDUP,
61005,33,population,"[0.199961228164987, 64.47403329511573, 0.23295923299772525, 3.4193076694543283]","[0.00589099892059025, 0.568077474790889, 1.4557142999957604]",INCLUDED_BEFORE_EXACT_DEDUP,
